<?xml version="1.0" encoding="UTF-8"?>
<project-private xmlns="http://www.netbeans.org/ns/project-private/1">
    <editor-bookmarks xmlns="http://www.netbeans.org/ns/editor-bookmarks/2" lastBookmarkId="0"/>
    <open-files xmlns="http://www.netbeans.org/ns/projectui-open-files/2">
        <group>
            <file>file:/C:/Users/claud/OneDrive/Documentos/Universidad%202023/Analisis%20de%20sistemas%201/FigurasGeometricas/src/Figuras.java</file>
            <file>file:/C:/Users/claud/OneDrive/Documentos/Universidad%202023/Analisis%20de%20sistemas%201/FigurasGeometricas/src/App.java</file>
            <file>file:/C:/Users/claud/OneDrive/Documentos/Universidad%202023/Analisis%20de%20sistemas%201/FigurasGeometricas/src/Circulo.java</file>
            <file>file:/C:/Users/claud/OneDrive/Documentos/Universidad%202023/Analisis%20de%20sistemas%201/FigurasGeometricas/src/FactoryFiguras.java</file>
            <file>file:/C:/Users/claud/OneDrive/Documentos/Universidad%202023/Analisis%20de%20sistemas%201/FigurasGeometricas/src/Rectangulo.java</file>
        </group>
    </open-files>
</project-private>
